,id,text,author_id,created_at,lang,source,retweet_count,reply_count,like_count,quote_count,pontuacao,palavras
0,1516820236820877314,"He's gone between both sides of the moral compass a fair bit in his 20 year career...

Which side of @RandyOrton do you roll with? ğŸ˜‡ğŸ˜ˆ

#OrtonWeek https://t.co/O3XzluqqvN",1143835416954580992,2022-04-20 16:45:00+00:00,en,Twitter Web App,245,336,2846,224,124,"['sides', 'gone', 'bit', 'side', 'year', 'moral', 'compass', 'fair', 'roll']"
100,1516730897948577794,"ğŸ¤¬ ğ—–ğ—®ğ—¹ğ—¹ğ—²ğ—¿: â€œI thinkâ€¦MAKE YOUR OWN TEA! Iâ€™M ON THE PHONE TO LAURA &amp; ALLY!â€

ğŸ¤£ ğ—Ÿğ—®ğ˜‚ğ—¿ğ—®: â€œWho was that?!â€

â˜•ï¸ ğ—–ğ—®ğ—¹ğ—¹ğ—²ğ—¿: â€œSorry, that was my sonâ€¦â€

Jeremy the #MUFC was interrupted by his son wanting him to make him a tea! ğŸ˜‚ https://t.co/Cj7RVvZrZL",15332636,2022-04-20 10:50:00+00:00,en,Twitter Media Studio,1225,303,14063,298,67,"['wanting', 'make', 'interrupted', 'son']"
200,1516778903460843527,"ğŸ™ New Project

ğŸ”· Cyberium (ESPN)

ğŸ”¶ Cyberium is a sport metaverse platform based on the Binance Smart Chain.

ğŸ”¶ Details: https://t.co/9WUgxixgF8

#Cryptocurrency #ESPN #ICOAnnouncement #BTC #BNB #ETH https://t.co/HO0Pvw7CJX",1007618472732512256,2022-04-20 14:00:45+00:00,en,Twitter Web App,118,66,136,8,563,"['platform', 'based', 'sport', 'metaverse']"
300,1516706317230292993,"ğŸ“¢ @KangarooBabyy - a community-driven token on #BNBChain that is inspired by the Kangaroo and the Boxing sport

ğŸ‘¤KYC &amp; Audit by @SolidProof_io 
ğŸ”Owner Renounced
ğŸ”¶Deflation mechanism
ğŸ’µLow tax
ğŸ‘Charity donation
ğŸ‘‰Available @PancakeSwap 

Check it outğŸ‘‡
https://t.co/mDFTs0hh55 https://t.co/wbVyqGRb34",1358688239037546500,2022-04-20 09:12:19+00:00,en,TweetDeck,116,282,207,62,40,"['inspired', 'token']"
400,1516999672488808448,"In a place where Sport persons or actors who promotes gam(bl)ing, tobacco or alcohol,

@Siva_Kartikeyan , A prime example of how you should be socially sensible &amp; responsible as a celebrity.

A big respect for #Velaikkaran movie &amp; also for not endorsing any products through ads.",322498368,2022-04-21 04:38:01+00:00,en,Twitter for Android,69,0,189,2,35,"['respect', 'place', 'prime']"
401,1516711078868176905,"Want some greenğŸ’¹?There are projects ready to PUMP 

@Jumpnofficial
 is an easy 20xğŸ’¹

#JUMPN is a #web3 lifestyle app with #GAMEFI elements users can make earning by solojump,extreme sport

Launching Friday on pinksale

https://t.co/oHwIeT0Zh4â€¦

https://t.co/EyUwnns0D2 https://t.co/zYjjkLgflz",1003400207357366272,2022-04-20 09:31:14+00:00,en,Twitter for Android,1664,9,427,6,121,"['easy', 'make', 'elements', 'lifestyle', 'projects', 'users', 'app', 'ready', 'earning']"
501,1516801352739045378,"Ayrton Senna   /  GP Silverstone 1989. 

#F1 ğŸ“¸ S &amp; G and Barratts/EMPICS Sport https://t.co/Xoc6Z4WxvZ",4137746057,2022-04-20 15:29:57+00:00,en,Twitter Web App,129,2,1140,4,0,[]
601,1516957858713067521,"1 hit shutout!! 6-0 final ğŸ˜‡

@Angels | #GoHalos | #LTBU https://t.co/Sy2vRaaXl5",22695090,2022-04-21 01:51:51+00:00,en,Twitter Media Studio,123,0,955,9,14,"['final', 'hit']"
610,1516784783627497472,Sport day- home leg workouts https://t.co/fvPdCJVBcO,1510118740955840514,2022-04-20 14:24:07+00:00,en,Twitter for iPhone,0,0,4,0,30,"['workouts', 'leg', 'home']"
710,1516690817506848769,"Australian swimming superstar Emma McKeon has made it clear she's against transgender athletes competing in women's sport.

#9WWOS

https://t.co/LLh31tC3ck",106878278,2022-04-20 08:10:44+00:00,en,Hootsuite Inc.,577,241,3932,93,147,"['transgender', 'swimming', 'made', 'competing', 'athletes', 'clear', 'superstar']"
810,1516710154305032194,One woman speaking up is inspiring the next woman to speak up and the next and the next and it will continue and thatâ€™s how women will maintain our rights to sport &amp; female spaces ğŸ’—ğŸ™‹â€â™€ï¸ https://t.co/MygSvY4oi1,310085287,2022-04-20 09:27:34+00:00,en,Twitter for iPhone,1202,91,7359,53,724,"['female', 'inspiring', 'maintain', 'sport', 'speak', 'women', 'spaces', 'continue', 'speaking', 'thatâ€™s', 'next', 'woman', 'rights']"
910,1516779716937760772,"A bit of commotion before the face off ğŸ‘€

@Tyson_Fury and @DillianWhyte want this to be about them, no one else ğŸ‘Š

Respect ğŸ¤

#FuryWhyte https://t.co/wP9bajWhIo",198867393,2022-04-20 14:03:59+00:00,en,Grabyo,437,226,4413,260,126,"['want', 'face', 'one', 'commotion', 'bit', 'else']"
1010,1516924908332326914,"I only play for sport

#PS5Share, #Fortnite https://t.co/bjhZUpngDw",1460990966500937728,2022-04-20 23:40:55+00:00,en,PlayStationÂ®Network,40,4,228,1,76,['play']
1046,1516837826737881096,Itâ€™s crazy how a sport can have so much impact on youğŸ¥¹ https://t.co/T9EhaKpUOG,1461008165231857675,2022-04-20 17:54:54+00:00,en,Twitter for iPhone,1,1,13,1,560,"['impact', 'much', 'crazy', 'sport']"
1146,1516766121558425601,".@DMcIntyreWWE tells me the ticket registrations for WWE's stadium show in Wales is now double what it was inside the first 24 hours.

That means around 120,000 people are trying to attend the UK show on September 3. Capacity likely to be around 78k-ish. Wow!

Make it annual ğŸ™",1095332600753807364,2022-04-20 13:09:58+00:00,en,Twitter Web App,246,83,3040,75,256,"['double', 'likely', 'trying', 'show', 'inside', 'attend', 'people', 'stadium', 'registrations', 'around', 'tells', 'means', 'first', 'ticket', 'annual']"
1246,1516939008735170560,"Ohtani has been electric in Houston âš¡ 

@Angels | #GoHalos https://t.co/ibSAB0ccHc",22695090,2022-04-21 00:36:57+00:00,en,Wildmoka,186,2,1419,15,5,['electric']
1271,1516932589227065345,Woah the made wii sport in real life https://t.co/j7sbxfSA2T,1370882708,2022-04-21 00:11:27+00:00,en,Twitter for iPhone,0,0,10,1,569,"['sport', 'made', 'life', 'wii', 'real']"
1296,1516900604622344192,"â€œI chose UD because because I always wanted to play softball at the collegiate level. UD gives me the opportunity to play the sport I love as well as allowing me to focus on my studies as a bio/pre-med major.â€ - Madi Coutts, @UDallasSoftball â€˜22

#WhyUDWednesday #BleedBlue https://t.co/vrdQFtZilA",1435283188545429507,2022-04-20 22:04:21+00:00,en,Twitter for iPhone,8,0,17,0,755,"['collegiate', 'focus', 'allowing', 'sport', 'always', 'softball', 'opportunity', 'gives', 'studies', 'love', 'chose', 'wanted', 'play', 'well']"
1345,1516825541826908160,"Yes, Mexico has a national ice hockey team. The sport is growing in popularity.

""You have to explain what it is,â€ says 15-year-old Paula MartÃ­nez, 1 of 2 girls in the bantam age group. ""They think itâ€™s only fighting and itâ€™s really not just that.â€
https://t.co/ccjZubFC0F https://t.co/O5YzqYk4oo",10222282,2022-04-20 17:06:05+00:00,en,Twitter Web App,117,7,490,25,767,"['age', 'hockey', 'girls', 'national', 'sport', 'fighting', 'ice', 'explain', 'think', 'says', 'itâ€™s', 'really', 'growing', 'bantam']"
1445,1516891407197347841,"The quickest manager to reach 250 wins in the history of English football.

ğŸ‘‘ Pep Guardiola ğŸ‘‘ https://t.co/jdDdcjJIM7",1125687015956262917,2022-04-20 21:27:48+00:00,en,Twitter Media Studio,632,57,5115,96,69,"['quickest', 'reach', 'manager', 'history', 'wins']"
1509,1516773976088924162,"ğŸ’¥ğŸ’¥WORLDS FIRST APY SPORTS TOKEN IS HEREğŸ’¥ğŸ’¥

ğŸ”¥CRYPTO SPORT TOKENğŸ”¥

âš™ï¸5% RFV
ğŸ²Online gambling platform
ğŸ€Betting
ğŸ’¸Auto Staking
ğŸ´NFTS
ğŸ’°1.5 million APY% Auto Compound Rewards with all that!
ğŸ¦COINGECKO &amp; CMC incomingğŸ¸
@CryptoSportsTo1
 
Join TG group https://t.co/HUX1a7sH69 https://t.co/odqqrGeZy5",1442421328774979590,2022-04-20 13:41:10+00:00,en,Twitter for Android,139,68,147,0,41,"['million', 'gambling', 'group']"
1609,1516865322196045824,This man forgot what sport he was playing https://t.co/vGpqGmrlgT,1100073846949007360,2022-04-20 19:44:09+00:00,en,Twitter for iPhone,984,312,10883,427,582,"['man', 'forgot', 'playing', 'sport']"
1690,1516971231509065728,"The locker room is the best moment of any sport!

#straightboy #straightman #gayporn #gaysex #twink #BIGCOCKXXL #BIGCOCKGAY #handjob #PINTOAWARDS #PINTOSAWARDS https://t.co/25EtSZ0HKh",1452354929364975625,2022-04-21 02:45:00+00:00,en,Twitter Web App,7,1,50,0,35,"['locker', 'room', 'best', 'moment']"
1694,1516918090705080321,"In the span of 13 months, Roy Williams, Mike Krzyzewski and Jay Wright have all retired.

A total changing-of-the-guard moment in the sport of college basketball.",22375230,2022-04-20 23:13:50+00:00,en,Twitter Web App,353,106,3072,89,559,"['sport', 'college', 'total', 'span', 'moment']"
1730,1516850695223541760,"â€¦and itâ€™s live
#CheArs https://t.co/7amjeuzPio",1296186821223882752,2022-04-20 18:46:02+00:00,en,Twitter for iPhone,0,0,2,0,70,"['â€¦and', 'itâ€™s']"
1830,1516854238588112898,"Why is taking testosterone on the banned list, resulting in a 4 year ban if caught by regular testing it makes no difference? For the IOC to say there is no proof testosterone brings performance advantage is beyond preposterousğŸ¤¯ğŸ¤¥ #sexnotgender for sport",102728963,2022-04-20 19:00:06+00:00,en,Twitter for iPhone,853,68,5595,17,757,"['testosterone', 'say', 'brings', 'sport', 'beyond', 'banned', 'performance', 'regular', 'ban', 'resulting', 'makes', 'caught', 'year', 'testing', 'taking', 'advantage', 'proof']"
1930,1516763225445961729,Still in love with my new sport bra! ğŸ¤ https://t.co/97sleOOthM,1495943004301185026,2022-04-20 12:58:27+00:00,en,Twitter for iPhone,18,12,223,1,602,"['love', 'sport', 'new']"
2030,1516789664446705669,"Investing is both a sport and entertainment for me. I like to ""catch rare fast-moving elephants"" by finding good prey https://t.co/isDhKBk2DC",1513825416045203456,2022-04-20 14:43:31+00:00,en,Twitter Web App,0,0,3,0,664,"['prey', 'like', 'rare', 'sport', 'good', 'elephants""', '""catch', 'entertainment', 'finding']"
2130,1516704518175662080,"Antis get pressed over us zoo's loving and taking care of animals, but I dont see them doing anything about the illegal animal trade or the murder (hunting) of animals as a mere sport",1516407240462422017,2022-04-20 09:05:10+00:00,en,Twitter for Android,0,27,8,19,772,"['get', 'animals', 'animal', 'murder', 'anything', 'sport', 'see', 'pressed', 'illegal', 'loving', 'dont', 'care', 'us', 'trade', 'taking', 'mere']"
2230,1516707982951731202,Aussie swimming ace Emma McKeon makes defiant stand against transgender athletes competing in women's sport https://t.co/4wNn1M6ZdO,102728963,2022-04-20 09:18:56+00:00,en,Twitter for iPhone,814,110,5384,45,676,"['stand', 'transgender', 'sport', 'ace', 'swimming', 'makes', 'defiant', 'athletes', 'competing']"
2330,1516839154671558658,ğŸ“°[SPORT] | Would you pay â‚¬40M for Robert Lewandowski? #fcblive https://t.co/LaEmO87gXJ,1603887084,2022-04-20 18:00:10+00:00,en,Hootsuite Inc.,222,451,8530,120,10,['pay']
2430,1516887482633265152,"Mikel Arteta on Nketiah: â€œWhen youâ€™re humble &amp; hungry at the same time, good things happen. Good things happen to good people. The same with Mo Elneny &amp; Rob Holding, if you saw the training session they did on Sunday after Southampton, this is why we won the game today...â€ #AFC",1662772154,2022-04-20 21:12:12+00:00,en,Twitter for iPhone,161,6,1513,7,153,"['game', 'hungry', 'youâ€™re', 'good', 'session', 'happen', 'humble', 'training', 'things', 'saw']"
2494,1516887752444461057,"One of the best team goals you'll see all season from Arsenal, finished by Emile Smith Rowe, as they beat Chelsea 4-2. https://t.co/m7qfgMk9aS",29930178,2022-04-20 21:13:17+00:00,en,Twitter Media Studio,2,2,22,1,187,"['goals', 'finished', 'see', 'best', 'team', 'beat', 'season']"
2558,1516970563276840965,"The silence in January was deafening...
Today Novak Djokovic says out loud that he does not support the decision at Wimbledon because when politics interferes with sport, it usually does not go well.

That's my CHAMPION.",363548066,2022-04-21 02:42:20+00:00,en,Twitter for Android,193,47,1468,14,74,"['go', 'silence', 'says', 'loud', 'interferes', 'politics', 'usually', 'decision', 'support']"
2562,1516791407301828612,We will all  sport  Imran Khan and PTI  #Ø§Ù…Ù¾ÙˆØ±Ù¹Úˆ_Ø­Ú©ÙˆÙ…Øª_Ù†Ø§Ù…Ù†Ø¸ÙˆØ± https://t.co/jPrTjKPdyz,1510235787073404935,2022-04-20 14:50:26+00:00,en,Twitter for Android,1,1,2,0,523,['sport']
2662,1516746500721815554,"The Chicago Bulls play today. 
The Chicago White Sox play today. 
The Chicago Cubs play today. 
The Chicago Blackhawks play today.",2319815600,2022-04-20 11:52:00+00:00,en,TweetDeck,270,59,3054,73,76,['play']
2762,1516944541856813056,Solo ski's is my new favorite sport/activity ğŸ˜© https://t.co/xudbWMXxGO,1283169367711072257,2022-04-21 00:58:56+00:00,en,Twitter for iPhone,9,1,53,0,80,"['favorite', 'new']"
2778,1516932089060507648,"yâ‚’áµ¤ â‚–â‚™â‚‘w, â‚’â‚—d â‚›â‚šâ‚’áµ£â‚œ",964026206,2022-04-21 00:09:27+00:00,en,Twitter for iPhone,31,0,28,62,17,"['yâ‚’áµ¤', 'â‚’â‚—d', 'â‚›â‚šâ‚’áµ£â‚œ']"
2803,1516990367739961344,Got to keep up on the latest news. I love Dressage. I totally recommend the sport. https://t.co/xI1wjcvfCy,1456682603885465603,2022-04-21 04:01:02+00:00,en,Twitter for iPhone,2,2,50,0,41,"['love', 'keep']"
2804,1516929397864939520,Our man Brady !!! Two sport Stud!!! https://t.co/ZdUE5JE5Jp,1100866277634117641,2022-04-20 23:58:46+00:00,en,Twitter for iPhone,0,0,9,0,554,"['man', 'sport']"
2829,1516839094176952330,"Instagram : @anllela_sagra
#fitness #fitnessgirl #sport #FitnessModel  #FitnessMotivation #anllela_sagra https://t.co/wx7Jpe7LQu",1512919780478570505,2022-04-20 17:59:56+00:00,en,Twitter Web App,0,0,5,0,0,[]
2929,1516826508874207234,"Last time out ï¼ Tyson_Fury gave us a classic!

An incredible end to the Wilder Trilogy!

#FuryWhyte | Saturday | BT Sport Box Office https://t.co/fMZkiQyy1h",198867393,2022-04-20 17:09:55+00:00,en,Twitter Media Studio,253,40,2222,30,105,"['incredible', 'time', 'gave', 'us', 'end']"
3029,1516835336252391428,"'Orton, just Roper to beat' https://t.co/sxgnkq6tv2",1143835416954580992,2022-04-20 17:45:00+00:00,en,Twitter Web App,213,39,3356,39,0,[]
3129,1516954609167839232,"ğŸ’¥ One for the ages from Ohtani ğŸ’¥

@Angels | #GoHalos https://t.co/vbxeR7MAWH",22695090,2022-04-21 01:38:57+00:00,en,Wildmoka,271,2,1603,25,6,['ages']
3145,1516919456018096133,BY WEIGH OF WATERLOO IOWA! @tyschmit @VivalaZito https://t.co/7PNplKQ2Ro,1516093272208429057,2022-04-20 23:19:15+00:00,en,Twitter for iPhone,0,0,0,0,0,[]
3181,1516881028824150016,"â€œLook, we'll always have Pedro O'Horny's, right?â€ https://t.co/yIqiwPuVVz",1083462987497783297,2022-04-20 20:46:34+00:00,en,Twitter for iPhone,2,6,12,1,15,['always']
3245,1516971295379972103,"â‚’â‚—d â‚›â‚šâ‚’áµ£â‚œ,â€ â‚•â‚‘ áµ¤áµ£gâ‚‘d",964026206,2022-04-21 02:45:15+00:00,en,Twitter for iPhone,30,0,28,59,11,"['â‚’â‚—d', 'â‚•â‚‘', 'áµ¤áµ£gâ‚‘d']"
3249,1516781507049922561,".@DillianWhyte gives his verdict on the confrontation at the face off ğŸ˜¤

""His dad needs to relax, my man is 600 years old and stepping forward, trying not to let my guys on the stage! It's mine and Tyson's day, why are you getting involved?""

""He's an idiot.""

#FuryWhyte https://t.co/Nm3FmTdxE1",198867393,2022-04-20 14:11:06+00:00,en,Grabyo,193,82,1743,65,260,"['years', 'mine', 'verdict', 'dad', 'trying', 'needs', 'old', 'face', 'confrontation', 'man', 'gives', 'getting', 'guys', 'stepping', 'let']"
3349,1516837608365735938,"2013 Impreza Sport Hatchback for sale!
1.35 mil (neg)
RT https://t.co/wsvAiR5ewX",1305051546376429571,2022-04-20 17:54:01+00:00,en,Twitter for Android,26,1,10,0,10,['mil']
3449,1516910381062623232,"Ohtani leading off!! 

ğŸ“º | Bally Sports West 

@Angels | #GoHalos https://t.co/HcD3aASbh9",22695090,2022-04-20 22:43:12+00:00,en,Wildmoka,64,0,610,4,6,['leading']
3485,1516899761080647682,"It...... is..... SHO TIMEâ€¼ï¸ğŸ˜¤

ğŸ“ºBally Sports West
ğŸ”—https://t.co/enNVz0l6M3

@Angels | #GoHalos https://t.co/jkWHdUk8wf",22695090,2022-04-20 22:01:00+00:00,en,Twitter Media Studio,175,5,970,34,0,[]
3534,1516822577364312064,ğŸ¥ˆSILVER!ğŸ¥ˆfor Team England Junior Hip Hop!!!!!! ğŸ™ŒğŸ½ğŸ´ó §ó ¢ó ¥ó ®ó §ó ¿â™¥ https://t.co/pIwOjNTTuX,1225358643639525376,2022-04-20 16:54:18+00:00,en,Twitter for Android,0,0,10,1,0,[]
3634,1516866793389715456,"stop 

#OrtonWeek | @RandyOrton https://t.co/c9QCqgoDJj",1143835416954580992,2022-04-20 19:50:00+00:00,en,Twitter Web App,587,49,9590,52,9,['stop']
3715,1516845165784313856,"Great day of tuition! Weather was pretty lovely too! â›³ï¸ğŸ¥µ 

Fantastic to help players with their golf game and enjoying the sport! ğŸ™ŒğŸ¼ https://t.co/HGaKMg6XCE",431863496,2022-04-20 18:24:03+00:00,en,Twitter for iPhone,0,0,3,0,133,"['game', 'pretty', 'lovely', 'help', 'day', 'players', 'enjoying', 'golf']"
3815,1516933634703384577,"Erik Ten Hag #MUFC incoming manager. Agreement reached and Paperwork signed.
""I see you""
#mulive #EPL https://t.co/wWOI9aJLrE",1264211273660747781,2022-04-21 00:15:36+00:00,en,Twitter Web App,0,0,2,0,57,"['reached', 'see', 'incoming']"
3840,1516817256281296896,#KimHyunJoong can sport any style of sunglasses.ğŸ¥°ğŸ‘“ https://t.co/2AQsqsyAcL,1047253662970470400,2022-04-20 16:33:09+00:00,en,Twitter for Android,24,2,132,0,540,"['style', 'sport']"
3940,1516839293745975299,"Congratulations to Benjamin Page, SARM Class of 2017, on his new position as Assistant Athletic Director of Ticket Operations at @FIU! 

#MoreThanAMajor #FIU #WorkingInSports https://t.co/oH92QLckTs",855064503083573248,2022-04-20 18:00:43+00:00,en,Hootsuite Inc.,2,0,12,0,59,"['position', 'new']"
4040,1516716332040998913,"Woke up to see these guys outside the bedroom window 

Good Morning â˜•ï¸ :) https://t.co/RJIzeCE6WL",449146165,2022-04-20 09:52:07+00:00,en,Twitter for iPhone,2,3,28,1,87,"['bedroom', 'window', 'see', 'outside', 'guys']"
4140,1516842763110682627,"Kids as young as 3 are gathering in Mexico city shopping malls â€“ to play hockey. 

@kbaxter11 looks at a sport thatâ€™s gaining a foothold in Mexico and getting attention from the NHL.
https://t.co/JaDqIeZ1rq",16664681,2022-04-20 18:14:30+00:00,en,Twitter Web App,48,6,213,12,742,"['looks', 'sport', 'attention', 'young', 'thatâ€™s', 'getting', 'shopping', 'gaining', 'play', 'gathering', 'malls', 'foothold', 'city']"
4240,1516839120324210697,Need a huge bounce back after yesterdayâ€™s plays. Phil cooked em up himself. Still up 2 units this month. Lock em in. https://t.co/SIANYyCife,1514993103123402758,2022-04-20 18:00:02+00:00,en,Twitter for iPhone,1,0,1,1,92,"['yesterdayâ€™s', 'em', 'bounce', 'units', 'back', 'cooked', 'huge']"
4340,1516786860118667268,"Magna Vista senior Tania Starkie committed this week to run track at NCAA Division II Livingstone College in Salisbury, North Carolina this fall. https://t.co/yx4VdBySVa",703483513,2022-04-20 14:32:22+00:00,en,Twitter Web App,11,0,37,3,110,"['run', 'senior', 'committed', 'track', 'week']"
4440,1516964294637797377,a nigga will really lay that pipe on you &amp; next think you know youâ€™re buying premium sport channel add ons for your Hulu account so he wonâ€™t miss any games while heâ€™s at your house,1510708042475704325,2022-04-21 02:17:26+00:00,en,Twitter for iPhone,75,10,596,125,677,"['premium', 'sport', 'heâ€™s', 'lay', 'wonâ€™t', 'add', 'really', 'nigga', 'know', 'buying', 'youâ€™re', 'games', 'think', 'account', 'pipe', 'miss', 'next', 'channel', 'ons', 'house']"
4449,1516719217654919170,Holly Lawford-Smith did a brilliant job discussing gender and sport on SBS Insight last night and had the patience of an actual saint. https://t.co/7nt25J7bYI,153660996,2022-04-20 10:03:35+00:00,en,Twitter Web App,218,42,1056,17,613,"['sport', 'gender', 'patience', 'brilliant', 'last', 'actual', 'night', 'discussing', 'job']"
4549,1516932182924738560,"Which two Sport games would you keep around? 

The other 4 get cut âœ‚ï¸. https://t.co/zGM3HbyCFi",779078642831859712,2022-04-21 00:09:50+00:00,en,Twitter for Android,18,163,73,49,80,"['two', 'get', 'cut', 'would', 'games', 'keep']"
4574,1516937780240158720,New indian era chanal haked please sport ğŸ¥ºğŸ™ https://t.co/b9kJiwz4FF,1516927605240303617,2022-04-21 00:32:04+00:00,en,Twitter for Android,1,0,1,0,550,"['chanal', 'sport', 'indian', 'haked', 'please', 'era']"
4599,1516914910600384512,"As an athlete and as a person, you are capable of so much more than you think. Donâ€™t limit yourself. Believe in yourself and reach higher!",2877353071,2022-04-20 23:01:12+00:00,en,Twitter for iPhone,164,2,782,4,49,"['much', 'limit', 'reach', 'athlete', 'capable']"
4635,1516908113370046464,"Cool realization: my slowest 5K split in Boston was 16:03, up the Newton Hills. My high school 5K PR as a senior in 2012 was 16:09. 

High school athletes (+ coaches): let running be fun. Fall in love with the sport, and the results are likely to follow. Maybe just not overnight! https://t.co/DIhWq3Ykda",117902817,2022-04-20 22:34:11+00:00,en,Twitter for iPhone,109,14,1374,9,225,"['likely', 'split', 'school', 'senior', 'high', 'slowest', 'love', 'athletes', 'results', 'let', 'running']"
4684,1516825306975416331,Sport ğŸ‹ï¸â€â™€ï¸ ğŸ’ª https://t.co/qvM2vrSNYM,1206847431360561152,2022-04-20 17:05:09+00:00,en,Twitter for iPhone,0,2,84,0,0,[]
4784,1516868946699374593,Jae'Dyn Slaughter Regional Qualifier 800 M https://t.co/RTcExW01Hg,1129413658583412739,2022-04-20 19:58:33+00:00,en,Twitter for iPhone,1,0,9,0,0,[]
4865,1516997380486348800,heâ€™s huge https://t.co/JMQOGOLBt7,1448181680406204418,2022-04-21 04:28:54+00:00,en,Twitter for iPhone,5,1,29,0,15,"['heâ€™s', 'huge']"
4866,1516801791983337485,"Queen Mary University London are conduction research into the long-term effects of playing sport

They are asking former national level or international players to fill in questionnaires

Osteoarthritis:  
https://t.co/4YD4yrceAy

Cardiovascular: 
https://t.co/lgGOlZzdze https://t.co/mTDYFldBqt",481358189,2022-04-20 15:31:42+00:00,en,Twitter Web App,13,5,20,0,154,"['international', 'national', 'former', 'fill', 'playing', 'research', 'players', 'asking', 'level', 'conduction', 'effects']"
4966,1516940517522739201,"Salvy, like many of our kids has never played before this season. He was getting frustrated with how difficult this sport is and was ready to quit. But he agreed to stick it out for the remainder of the season. 

Just a few days later he got his first hit. Thatâ€™s a chip! https://t.co/FJDfA6a4OV",970092072203059201,2022-04-21 00:42:57+00:00,en,Twitter for iPhone,23,17,692,15,737,"['like', 'stick', 'many', 'sport', 'played', 'remainder', 'got', 'days', 'kids', 'agreed', 'later', 'frustrated', 'getting', 'difficult', 'never', 'first', 'ready']"
4982,1516816464174456836,"""The achievement stands above everything else""

Sir Alex Ferguson talking about Arsene Wenger's Invincibles season with @Arsenal... ğŸ™

Watch ğ€ğ«ğ¬ğğ§ğ ğ–ğğ§ğ ğğ«: ğˆğ§ğ¯ğ¢ğ§ğœğ¢ğ›ğ¥ğ on Prime Video ğŸ“º https://t.co/VH5jHNpFHP",1125687015956262917,2022-04-20 16:30:00+00:00,en,Twitter Media Studio,155,12,635,15,81,"['stands', 'everything', 'talking', 'achievement', 'season']"
5082,1516786839285387270,"We've got @Tyson_Fury.
We've got @DillianWhyte. 
We've got the belts.
We've got the arena.

Let's go! ğŸ”¥

#FuryWhyte | Saturday | BT Sport Box Office https://t.co/ZwfdPl6at5",198867393,2022-04-20 14:32:17+00:00,en,Twitter Web App,100,23,959,14,53,['got']
5182,1516979328055078913,2-0 today on 5 unit plays #GamblingTwitter https://t.co/u9o1wjh6om,1513299119527247874,2022-04-21 03:17:10+00:00,en,Twitter for iPhone,0,0,2,0,80,"['unit', 'plays', 'today']"
5186,1516984328357498880,"Audience clapping for Munawar's every line ! ğŸ˜­ğŸ˜­ğŸ‘ğŸ‘ğŸ‘

#MunawarFaruqui 
#LockUpp 

ONE MAN ARMY MUNAWAR
Thank you bhai munna ko sport krne ke liye https://t.co/v0ShXKmDdu",1176943450530504704,2022-04-21 03:37:02+00:00,en,Twitter for Android,44,0,44,1,541,"['every', 'clapping', 'krne', 'sport', 'munna', 'ko', 'ke', 'bhai', 'liye', 'line']"
5190,1516866075018813440,"Regional Qualifier 4x100
Matt Barr 
Ryan Harris
Will Bogs
DJ Rockwell https://t.co/7QlnXNrkuQ",1129413658583412739,2022-04-20 19:47:08+00:00,en,Twitter for iPhone,1,0,5,1,0,[]
5271,1516904681380982786,What your favorite sport to gamble on in April?,1226923278847107072,2022-04-20 22:20:33+00:00,en,Twitter for iPhone,42,4,62,2,561,"['favorite', 'gamble', 'sport']"
5320,1516879957250695171,April 19th vs April 20th https://t.co/scYU908eMk,1275272281649004545,2022-04-20 20:42:18+00:00,en,Twitter for iPhone,62,10,744,2,8,['vs']
5384,1516709690784243719,RR Sport 2017 â€¢ Foreign UsedğŸ‡ºğŸ‡¸ â€¢ No Dutyâ€¼ï¸ https://t.co/ZLi0KOGTvL,1251992651861233667,2022-04-20 09:25:44+00:00,en,Twitter for iPhone,4,0,6,0,20,['â€¢']
5484,1516873684094492685,"Area Champion and Regional Qualifier Karter Jones
Regional Qualifier DJ Rockwell https://t.co/W75qQbaUpc",1129413658583412739,2022-04-20 20:17:23+00:00,en,Twitter for iPhone,1,0,7,0,0,[]
5565,1516954896800653312,I know that ainâ€™t the â€œgreatestâ€ scorer of all time doing that in the 4th quarter https://t.co/OK8MHoFM5V,865171086475972608,2022-04-21 01:40:05+00:00,en,Twitter for iPhone,12,0,19,0,55,"['know', 'ainâ€™t', 'quarter', 'time', 'scorer', 'â€œgreatestâ€']"
5581,1516930208741404673,thatâ€™s why I love waterpolo https://t.co/3NcyDQ6TLc,1448181680406204418,2022-04-21 00:01:59+00:00,en,Twitter for iPhone,3,0,27,0,64,"['love', 'thatâ€™s', 'waterpolo']"
5606,1516862733102333953,"Half time at Stamford Bridge and itâ€™s 2-2 ğŸ”µâšªï¸

xG: @ChelseaFC (0.42) 2-2 (0.86) @Arsenal https://t.co/Su5BrFkbvQ",1296186821223882752,2022-04-20 19:33:52+00:00,en,Twitter for iPhone,0,0,2,0,92,"['itâ€™s', 'time']"
5706,1516747422092902401,"9-0 LHS Men's Varsity Lacrosse meets Mariemont Lax 7 tonight @ MMHS!  Daniel Goff  (#22) is our profiled senior; Goff played for Loveland Youth Lax and came back for his senior year.  Kudos Daniel - best sport around, glad to have you join the midfield. Go Daniel and go Tigers! https://t.co/OOEG2Atu0U",918843878819713024,2022-04-20 11:55:39+00:00,en,Twitter Web App,2,0,22,1,733,"['go', 'sport', 'meets', 'profiled', 'played', 'best', 'senior', 'back', 'tonight', 'came', 'glad', 'join']"
5806,1516896014967484417,Coleman Bullock 5th place 1600M https://t.co/JFTInJauHS,1129413658583412739,2022-04-20 21:46:07+00:00,en,Twitter for iPhone,1,0,7,0,13,['place']
5855,1516873222679060486,New pool table!ğŸš¨ Our #TARTA and #TARPS drivers can now sport their competition at our Paratransit office! ğŸ± https://t.co/GcizpWCT0d,1416087270285795329,2022-04-20 20:15:33+00:00,en,Twitter for iPhone,0,1,4,0,550,"['competition', 'pool', 'drivers', 'sport']"
5936,1516854212965150727,This is possibly the toughest competitive sport EVER ğŸ˜³ğŸ”¥ https://t.co/hK3YXwd2cZ,752596106,2022-04-20 19:00:00+00:00,en,Twitter Media Studio,14,3,80,4,553,"['competitive', 'possibly', 'toughest', 'sport']"
6036,1516809999825178627,High school track needs an overhaul. Itâ€™s ridiculous that coaches are expected to work events at track meet. Name another sport where coaches work/officiate. Canâ€™t coach a relay when Iâ€™m holding a tape measure at LJ.,2788837051,2022-04-20 16:04:19+00:00,en,Twitter for iPhone,136,78,1250,54,752,"['another', 'sport', 'needs', 'events', 'coach', 'school', 'work', 'relay', 'expected', 'track', 'coaches', 'tape', 'measure', 'ridiculous', 'holding']"
6136,1516952993249247234,Hot sport https://t.co/aT5Sv9QTMr,1516943837922537473,2022-04-21 01:32:31+00:00,en,Twitter for iPhone,1,0,4,0,523,['sport']
6152,1516889361710829577,Hugo Martinez defended his @ORUSportMgmt senior project today. Congrats #GoldenStandard https://t.co/db76S5tviF,823810119683231744,2022-04-20 21:19:40+00:00,en,Twitter for iPhone,3,0,10,0,71,"['senior', 'project', 'defended']"
6216,1516864732002717702,RIP World Of Sport wrestling heel Banger Walsh of Leamington https://t.co/UkbL2N8cog,1199479199603531776,2022-04-20 19:41:48+00:00,en,Twitter for Android,0,0,3,0,20,"['heel', 'wrestling']"
6316,1516754793552912389,"Let me introduce you to Nathan ğŸ™ˆ

our favorite quarterback ! But he is such a fan, that he is entirely in the colors of his team ....ğŸˆ 

And you? what's your favorite sport? https://t.co/DaTeCg6SwE",1488467038922231817,2022-04-20 12:24:57+00:00,en,Twitter Web App,73,41,956,2,117,"['colors', 'team', 'quarterback', 'favorite', 'entirely', 'introduce']"
6416,1516824095152869385,"Great to kick start the summer term with an afternoon of Cricket, Athletics, Rounders &amp; Tennis for all pupils in Years 3 to 8. https://t.co/84CKghGtKk",3065949545,2022-04-20 17:00:20+00:00,en,Twitter for iPad,0,0,24,0,66,"['term', 'kick', 'summer', 'start', 'pupils', 'afternoon']"
6516,1516902148453416961,Varsity boys Area Champions! https://t.co/tkDTIln09X,1129413658583412739,2022-04-20 22:10:29+00:00,en,Twitter for iPhone,3,1,15,2,14,['boys']
6565,1516863828465786887,Katie Archibald claims IOC unfair to female cyclists and trans women. By @seaningle https://t.co/IP20FYxsHN,46403451,2022-04-20 19:38:13+00:00,en,TweetDeck,148,74,834,21,77,"['cyclists', 'trans', 'unfair', 'claims', 'female']"
6665,1516786538385793030,"Assistant Coach Opportunity

Savannah Christian Prep is looking for an assistant baseball coach for the 2022-2023 season.

âš¾ï¸ Varsity
ğŸ‘¨â€ğŸ« History
ğŸˆ 2nd Sport Opportunity

ğŸ“¬ Resumes: AD, Julie Jones - jjones@savcps.com
HC, Matt Oglesby - mattoglesby@savcps.com https://t.co/ZIE4aLfeJq",1254556422416850944,2022-04-20 14:31:05+00:00,en,Twitter Web App,4,0,3,0,80,"['coach', 'looking', 'baseball', 'assistant']"
6765,1516806677961523211,Tyson Fury sends the crowd into fits of laughter with his Dillian Whyte admission ğŸ˜‚ https://t.co/4kvgWyNcge,107379222,2022-04-20 15:51:07+00:00,en,Twitter Media Studio,6,0,64,1,45,"['sends', 'crowd', 'admission', 'fits', 'laughter']"
6846,1516801802427060229,"Euro 2022 stadium choices appeared unambitious in 2018 â€“ they look worse now.

By @SuzyWrack https://t.co/ogwxJ0Vvi1",46403451,2022-04-20 15:31:45+00:00,en,TweetDeck,31,6,136,9,64,"['choices', 'unambitious', 'worse', 'stadium', 'appeared', 'look']"
6927,1516898250728554498,"ğŸ˜¤ ğ‘«ğ‘¶ğ‘µ'ğ‘» ğ‘¾ğ‘¹ğ‘°ğ‘»ğ‘¬ ğ‘¼ğ‘º ğ‘¶ğ‘­ğ‘­! 

Safe to say Gunners legend @IanWright0 enjoyed Arsenal's 4-2 win over Chelsea ğŸ˜‚ https://t.co/4KDx52L9lW",29930178,2022-04-20 21:55:00+00:00,en,Twitter Media Studio,764,50,6911,61,60,"['enjoyed', 'say', 'win', 'legend']"
6963,1516950014962155523,This will be the greatest match in the history of our sport #AEWDynamite https://t.co/9je1Y2q8m3,1473502366670413824,2022-04-21 01:20:41+00:00,en,Twitter for iPhone,488,65,4273,72,551,"['match', 'greatest', 'history', 'sport']"
6967,1516748552575549442,"Katherine Deves says she is against trans (males to  females) competing in female sport.
I say the vast majority of Aussies would agree.
What say you??",272123815,2022-04-20 12:00:09+00:00,en,Twitter Web App,191,244,1762,20,166,"['say', 'would', 'trans', 'vast', 'says', 'majority', 'competing', 'female']"
7031,1516874743986757633,"Congratulations Boys Golf on their Runner-Up finish today in the LCC Tournament at Falconhead. 
Caden Pyles and Jace Chaney made All Conference Team!
#plainviewproud https://t.co/kmGv1IOBZX",3320815944,2022-04-20 20:21:35+00:00,en,Twitter for iPhone,2,0,7,1,102,"['finish', 'today', 'made']"
7080,1516847469182730241,"""I FUCKING LIVE FOR THIS SHIT""

-Rey Mysterio https://t.co/BzT9ncFU27",1496196953184649218,2022-04-20 18:33:12+00:00,en,Twitter Web App,0,1,0,1,0,[]
7144,1516834959838826496,Sport https://t.co/yXO6Tup9ve,1078210599048413184,2022-04-20 17:43:30+00:00,en,Twitter Web App,0,0,6,0,0,[]
7208,1516733422890274819,"The stuff of fairytales âœ¨

@FabioQ20 is really living his dream ğŸ‘Š https://t.co/mo54oqHVSR",2304484100,2022-04-20 11:00:02+00:00,en,Twitter Web App,347,12,3858,21,55,"['dream', 'stuff', 'really', 'living', 'fairytales']"
7257,1516794345285947404,"With National Beer Day behind us Oldenfat Nation, tell us your beer style today? IPA? Lager? Tell us what you like â€“ we want to make you some beer (we already made you some t-shirts).  #Oldenfat #Beer #InTheGame https://t.co/sDh2JRmhh1",1358149114509328385,2022-04-20 15:02:07+00:00,en,LaterMedia,2,0,3,0,244,"['like', 'want', 'beer', 'make', 'made', 'behind', 'tell', 'already', 'us', 'style']"
7306,1516877913328521216,White board drawing should be a sport. https://t.co/M24sG36EYn,1287197113974173696,2022-04-20 20:34:11+00:00,en,Twitter for Android,3,4,19,1,10,"['drawing', 'board']"
7331,1516831316993622019,"ğŸ€ Win a ticket to the Sports Sunday freeroll: $5K in tickets + free bets to be won ğŸ€ 

Which sport did PokerStars Ambassador @Steve_Enriquez play professionally?

Reply with [Stars ID] + #SportsFreeroll by 12:00 CET, Thu.
â„¹ï¸ https://t.co/ogqrGfZzRs
T&amp;Cs: https://t.co/lFVhodVWKz https://t.co/vhgZMFVI3R",19537263,2022-04-20 17:29:01+00:00,en,Sprinklr Publishing,161,474,252,2,647,"['sport', 'free', 'bets', 'ticket', 'play', 'tickets']"
7367,1516870090385408000,"Check out this 2021 Cadillac Escalade Sport w/ only 8,096 milesğŸ”¥ Watch for Run # C-0029 in tomorrowâ€™s sale to bid on it! ğŸŒŸ Lanes start at 10:00AM! https://t.co/ehUSVi29dC",3057853824,2022-04-20 20:03:06+00:00,en,Twitter for iPhone,1,0,3,0,41,"['start', 'sale', 'bid', 'tomorrowâ€™s']"
7392,1516739410934521857,"Keijo can be a brutal sport, but in the aftermath you get some nice sights. ğŸ˜‰ â™¥ #Keijo #Ecchi #Anime https://t.co/V55ivRkhcX",2973094900,2022-04-20 11:23:49+00:00,en,Twitter Web App,105,7,1500,2,39,"['get', 'aftermath', 'brutal', 'nice']"
7428,1516685968568373249,"Sexy 2odds cat walking on sportybet

Approach it in a freaky manner responsibly ğŸ”ğŸ”ğŸ”ğŸ”ğŸ” https://t.co/R2XLqChBHD",1503440187220709379,2022-04-20 07:51:28+00:00,en,Twitter for Android,1,0,13,0,30,"['cat', 'walking', 'freaky', 'manner', 'responsibly']"
7464,1516871280783462400,"Area Champion And Regional Qualifier J'Koby Williams
Regional Qualifier Tyler Bryan
Aiden Harris 5th place 
110 Hurdles https://t.co/uaHRgrXxF3",1129413658583412739,2022-04-20 20:07:50+00:00,en,Twitter for iPhone,1,0,6,0,13,['place']
7489,1516767305707171844,"3âƒ£0âƒ£ Gol #Mohamed_Salah musim ini untuk liverpoolğŸ¤©

ğŸ“¸ @LFC
#LFC https://t.co/IMof7MFwei",1469659725079797771,2022-04-20 13:14:40+00:00,en,Twitter for Android,0,0,1,0,15,"['ini', 'untuk', 'musim']"
7514,1516774968511672325,"""It's easier to build strong children than it is to repair broken men.""

- Fredrick Douglass https://t.co/zebBkAr3Sx",1214763081953415168,2022-04-20 13:45:07+00:00,en,SmarterQueue,10,0,23,0,32,"['easier', 'repair', 'broken', 'strong', 'build', 'children']"
7539,1516750636594778123,"weâ€™re really just seeing the tip of the iceberg when it comes to dancer haechan like that man has trained in dance sport, modern dance, ballet, and so on... he can even CHOREOGRAPH

  https://t.co/Ysk0BDE2Dd",1351484926521036803,2022-04-20 12:08:26+00:00,en,Twitter for iPad,1176,5,4901,168,151,"['like', 'dance', 'dancer', 'haechan', 'seeing', 'tip', 'weâ€™re', 'man', 'iceberg', 'comes', 'really', 'even', 'trained', 'modern']"
7564,1516896949055672324,Arsenal keep their Champions League dream aliveğŸŒŸ https://t.co/PrJ6VYq2fk,1507633301279985672,2022-04-20 21:49:49+00:00,en,Twitter for Android,0,0,0,0,20,"['dream', 'keep']"
7568,1516859170556895241,"Martin Ã˜degaard has created the most chances [48], since November in the Premier League. 

#AFC | ğŸ’¥ https://t.co/dMywJlcnVr",1338825786611163138,2022-04-20 19:19:42+00:00,en,Twitter for iPhone,4,0,23,0,15,"['since', 'chances', 'created']"
7593,1516848000110317574,"Todd Boehly entering Stamford Bridge through the West Stand Lower turnstiles. 

[Photo by @JudezySampson] https://t.co/6MtOHge68y",1296186821223882752,2022-04-20 18:35:19+00:00,en,Twitter for iPhone,0,0,3,0,5,['entering']
7618,1516889356509843458,"Regional Qualifier 200 M
Karter Jones
Matt Barr 6th https://t.co/3jBmDgDNB5",1129413658583412739,2022-04-20 21:19:39+00:00,en,Twitter for iPhone,1,0,7,0,0,[]
7627,1516880337074278407,"#CHEARS

Football is the best sport no cap ğŸ’¥ğŸ’¥ğŸ’¥ğŸ’¯ğŸ’¯ğŸ’¯ https://t.co/7yIbhmFECP",1512478612687052801,2022-04-20 20:43:49+00:00,en,Twitter for Android,0,0,1,0,549,"['cap', 'best', 'sport']"
7636,1516839659958980615,".@TheRock ğŸ¤œğŸ¤› @Tyson_Fury 

#FuryWhyte | Saturday | BT Sport Box Office https://t.co/yQAOlPYAWe",198867393,2022-04-20 18:02:11+00:00,en,Grabyo,57,9,450,2,0,[]
7652,1516838190702731267,"Maui Jim - MJ Sport Frameless Sunglasses
https://t.co/Pttl9B0Ltz https://t.co/bOpxEYPSx9",26676756,2022-04-20 17:56:20+00:00,en,TorontoGolfNuts,1,0,3,0,0,[]
7668,1516769594681274373,Got overcharged for BT Sport somehow and when I asked for a refund I got into this bizarre bidding war https://t.co/VjF4pirMtA,1039535202,2022-04-20 13:23:46+00:00,en,Twitter Web App,40,18,1641,1,84,"['somehow', 'bidding', 'war', 'overcharged', 'got', 'bizarre', 'refund', 'asked']"
7684,1516831258596233219,1st XI ğŸ https://t.co/URVvrl5nLB,1068493752,2022-04-20 17:28:48+00:00,en,Twitter for iPhone,0,0,4,0,0,[]
7700,1516730904730902531,"Don't be left out as Sport key stakeholders honours, recognize talent and excellence in Sport.

Grab your ticketğŸ’ªğŸ™Œ

See you thereğŸ’ƒğŸ’ƒ

And don't forget to hit the share button. https://t.co/fO7YPMIWhD",1164881331043622912,2022-04-20 10:50:01+00:00,en,Twitter for Android,1,0,3,0,46,"['hit', 'forget', 'key', 'share', 'stakeholders', 'talent', 'left', 'excellence', 'recognize']"
7716,1516790905692471300,"â€œYâ€™all. YALLLLLLLLL!!!!!!! 

RIHANNA IS HAVING A TAURUS BABY!!!!!!!!!!!! WE FUCKIN WON!!!!!!!!!!â€ https://t.co/Zjcy43fMS8",865171086475972608,2022-04-20 14:48:27+00:00,en,Twitter for iPhone,0,0,5,0,0,[]
7725,1516729038433366017,"Do not miss the very important session!
â€˜Transgender and DSD athletes in Elite Sport: Inclusion fairness and safetyâ€™ 
The session will be chaired by Professor Norbert Bachl Sec Gen FIMS Honorary president @EFSMA_eu &amp; Prof Pitsiladis the Chair of the Scientific Commission @FimsOrg https://t.co/Y022hGwbhS",1928056208,2022-04-20 10:42:36+00:00,en,Twitter Web App,20,761,52,218,65,"['safetyâ€™', 'president', 'session', 'important', 'chaired', 'fairness', 'athletes', 'miss']"
7734,1516845070900736011,"This is Nadine Dorries, Tory MP for Mid-Bedfordshire and Minister for Digital, Culture, Media and Sport.

When asked what sort of Tory she was (hard-right or centre-right), she replied:

""I'm a bit more UKIP-y"".

No wonder she wants to sell progressive media like Channel 4. https://t.co/u1mU81ptCQ",1508063324012961795,2022-04-20 18:23:41+00:00,en,Twitter Web App,23,3,36,3,87,"['like', 'wonder', 'asked', 'bit', 'progressive', 'wants', 'sort', 'media', 'sell']"
7743,1516887240194113541,ğŸ¥‡GOLDğŸ¥‡for Team England Youth All Girl Median!!!!!! ğŸ™ŒğŸ½ğŸ´ó §ó ¢ó ¥ó ®ó §ó ¿â™¥ https://t.co/SyX8svfch2,1225358643639525376,2022-04-20 21:11:15+00:00,en,Twitter for Android,2,0,9,3,0,[]
7744,1516724502276849667,"âŒ ğ—¦ğ—¶ğ—ºğ—¼ğ—»: â€œI donâ€™t think Whyte can beat Fury, Usyk or Anthony Joshua.â€

âœ… ğ—šğ—®ğ—¿ğ—²ğ˜ğ—µ: â€œWhyte can beat AJ right nowâ€¦ he will go on to be a champion.â€ 

Simon Jordan and @GarethADaviesDT discuss whether @DillianWhyte can go on to be a world champion ğŸ¥Š https://t.co/0D9sej3e9M",15332636,2022-04-20 10:24:35+00:00,en,Twitter Media Studio,35,81,231,51,137,"['champion', 'go', 'right', 'whether', 'think', 'world', 'nowâ€¦', 'discuss', 'beat', 'donâ€™t']"
7753,1516776353894477830,At least he hashtagged the show... https://t.co/RkND8qE8Gs,1496196953184649218,2022-04-20 13:50:37+00:00,en,Twitter Web App,0,1,0,0,6,"['hashtagged', 'least']"
7762,1516839119783030789,"Sexy&amp;Wild Leopard Print Sport Sets. Just like a princess.
#gymgear #Activewear #Gymsweaty https://t.co/l4cWcRq238",1342021475872563201,2022-04-20 18:00:02+00:00,en,Twitter Web App,0,0,0,0,35,['like']
7771,1516805466223005703,"""Who'd have thought it.. Mr Goldenbollocks knocked out by a middleweight, where is he now?""

@Tyson_fury couldn't resist a shot at Anthony Joshua ğŸ‘€

#FuryWhyte | Saturday | BT Sport Box Office https://t.co/oMs9pD5fRO",198867393,2022-04-20 15:46:18+00:00,en,Grabyo,54,22,736,12,12,"['knocked', 'shot', 'resist', 'thought']"
7780,1516878166651981831,Unstoppable #MCIBHA https://t.co/qY8eQRAI68,1196217565653164033,2022-04-20 20:35:11+00:00,en,Twitter for Android,0,0,3,0,0,[]
7781,1516800158394195977,Please sport imran Khan https://t.co/dZI6EZ7wjR,1515490806148341769,2022-04-20 15:25:13+00:00,en,Twitter for Android,0,0,0,0,535,"['imran', 'sport']"
7785,1516719821165142018,"Sebastian Vettelâ€™s 2013 season:

Points: 397
Wins: 13
Podiums: 16
Wins consecutively : 9
Pole positions: 9
Fastest laps: 7

His teammate failed to win a single race and scored only 199 points. 

Potentially the greatest individual season in sportâ€™s history. ğŸ https://t.co/DK3uD31R3B",875624465303912454,2022-04-20 10:05:59+00:00,en,Twitter for iPhone,126,22,1261,17,77,"['individual', 'failed', 'single', 'sportâ€™s', 'consecutively', 'scored', 'greatest', 'teammate', 'win', 'race', 'season']"
7789,1516846007161659394,That was one the tides had changed and the dark ages began https://t.co/46YONxaLbd,865171086475972608,2022-04-20 18:27:24+00:00,en,Twitter for iPhone,0,0,1,1,50,"['changed', 'began', 'one', 'ages', 'tides', 'dark']"
7793,1516838135338090500,Plz sport pti https://t.co/DlE1IvHaz3,1459564347462762499,2022-04-20 17:56:07+00:00,en,Twitter for Android,0,0,0,0,535,"['pti', 'sport']"
7797,1516841145518678019,"Life doesnâ€™t have to be perfect to be wonderful. 

Hey there ! Good Evening peeps! ğŸ¤—ğŸ¥°â¤ï¸

0500258178 ğŸ“ğŸ“±
#sport 
#sports
#massage_in_riyadh 
#MassageFullBodyMassage 
#massage_riyadh 
#MassagesRiyadh 
#riyadh_massage_vip
#massage https://t.co/1TI0v8TCzg",1316821187117412354,2022-04-20 18:08:05+00:00,en,Twitter for iPhone,3,0,21,0,4,"['perfect', 'doesnâ€™t']"
7801,1516767265873707019,"ğŸ¿ @Tyson_Fury and @DillianWhyte are in the building!

Watch the #FuryWhyte on YouTube now ğŸ‘‰ https://t.co/xqGma0RhdD https://t.co/4j4VSqU36F",198867393,2022-04-20 13:14:31+00:00,en,Grabyo,60,5,370,12,0,[]
7805,1516790873996120065,"ğ—¦ğ˜‚ğ—½ğ—²ğ—¿ ğ—¢ğ—±ğ—±ğ˜€ ğ—¯ğ—²ğ˜ğ˜ğ—²ğ—¿ ğ˜ğ—µğ—®ğ—» ğ—²ğ˜ƒğ—²ğ—¿? ğ—¨ğ—½ ğ˜ğ—¼ ğ˜†ğ—¼ğ˜‚!

1. Pick Your Super Odds Matches here https://t.co/yWzZRsWtTy

2. Like, Retweet &amp; Share your thoughts with us to win â‚¦ğŸğŸğŸğŸ

More Top 5 games  https://t.co/cMfUvgYIzF

#MSportSuperOdds

1/3 https://t.co/lENwU1KRgv",1186904443469459456,2022-04-20 14:48:19+00:00,en,TweetDeck,40,48,44,1,71,"['us', 'games', 'thoughts', 'win']"
7809,1516698021819564036,"I was against Djokovic being barred from AO. 

I am against Russians being barred from Wimbledon. 

Keep politics out of sport.",1149959365664882688,2022-04-20 08:39:21+00:00,en,Twitter for iPhone,134,73,1160,9,8,"['barred', 'politics']"
7813,1516695941234913285,Everyday is a New Beginning https://t.co/xxZhZU0aZe,1515373148694216704,2022-04-20 08:31:05+00:00,en,Twitter for iPhone,0,0,0,0,0,[]
7814,1516713965497294852,"""We must keep in mind that these players are children. Despite their sporting talent being beyond their years, their emotional and psychological well being is not""

@colnoc77 nailing it again with an excellent piece on children in sport.
https://t.co/an9E2GA0Z2",527658455,2022-04-20 09:42:43+00:00,en,Twitter for Android,25,0,89,3,75,"['beyond', 'players', 'emotional', 'keep', 'talent', 'children', 'well']"
7815,1516828793079570437,"The nominees for the Female Multi-Sport Athlete of the Year at the 2022 Dutchies are...

#GoDutch #rollrivers https://t.co/HYLwlr0HRB",70768179,2022-04-20 17:19:00+00:00,en,TweetDeck,7,0,29,2,0,[]
7816,1516856349342281728,Sport is a handsome dude. https://t.co/xDIdkh46nl,2293940731,2022-04-20 19:08:30+00:00,en,Twitter for iPhone,44,37,1205,4,0,[]
7817,1516844258380103682,Emotional damage. https://t.co/Fja0zTnKt8,1516423538240016391,2022-04-20 18:20:27+00:00,en,Twitter for Android,0,0,0,0,0,[]
7818,1516807353596841984,"""Sometimes my head wants my body to do what it can't."" ğŸ˜¤

John Fury reacts to clash with @DeanWhyte8.

#FuryWhyte | Saturday | BT Sport Box Office https://t.co/i57QW6JRD3",17335257,2022-04-20 15:53:48+00:00,en,Twitter Media Studio,38,84,313,37,4,['wants']
7819,1516809857919238150,"ğŸ†™ #WheelieWednesday by @PieroRicciuti55  ğŸ‡®ğŸ‡¹  

Mr ğŸ’¯/ğŸ’¯ in the European Online Challenge standings still celebrates his great start of the 2022 season ğŸ‘ ğŸï¸ 

#eSports #MotoGP https://t.co/NDtt1X4bAJ",862960232301035521,2022-04-20 16:03:45+00:00,en,Grabyo,3,0,7,1,99,"['start', 'great', 'still', 'season']"
7820,1516858703382818829,The disrespect shown to Anthony joshua. crazy. No sport quite like it ğŸ¤¦ğŸ½â€â™‚ï¸ https://t.co/OxBHN4O2Ck,260961646,2022-04-20 19:17:51+00:00,en,Twitter for iPhone,76,189,1270,19,558,"['like', 'sport']"
7821,1516838007999012877,Just unlocked a memory https://t.co/xM2PWiLDkH https://t.co/VMGVxlbnFC,865171086475972608,2022-04-20 17:55:37+00:00,en,Twitter for iPhone,33,0,41,2,0,[]
7822,1516699723733909507,Yesterdayâ€™s winnings ğŸ’°ğŸ˜®â€ğŸ’¨ https://t.co/wsZILArb2Y,3490342167,2022-04-20 08:46:07+00:00,en,Twitter for iPhone,0,0,1,0,0,[]
7823,1516824011816251393,"We are a real-world solution that combines #gaming, #sport, and #blockchain. https://t.co/axPIGTBBDt",1352338392462200832,2022-04-20 17:00:00+00:00,en,TweetDeck,43,9,74,0,0,[]
